segment,_TYPE_,_FREQ_,mean_pcci,mean_tcci,mean_rci,mean_rsi,mean_pci,std_pcci,std_tcci,std_rci,std_rsi,std_pci
,0,2500,52.675132986,32.048464947,53.514285714,50.928571429,40.205714286,9.4021266009,12.797851808,14.753242466,18.867326295,4.6216373254
Corporate,1,1000,52.675132986,32.048464947,53.514285714,50.928571429,41.057142857,9.4049496385,12.80169443,15.2370833,19.486090807,1.1863075879
Retail,1,1000,52.675132986,32.048464947,53.514285714,50.928571429,39.414285714,9.4049496385,12.80169443,15.2370833,19.486090807,7.1178455272
SME,1,500,52.675132986,32.048464947,53.514285714,50.928571429,40.085714286,9.4096603574,12.808106499,16.16136739,20.668120423,0
