rating_band,total,bads,avg_pd,bad_rate_pct
1–3,2005,27,0.013466334164588529,1.35
4–5,3292,138,0.04191980558930741,4.19
6–7,2894,303,0.1046993780234969,10.47
8–10,1809,424,0.23438363736871198,23.44
