_TYPE_,_FREQ_,PHPI,TRPI,VPI,Portfolio_Impact_Index,Master_Climate_Risk_Index
0,2500,52.675132986,32.048464947,27.800123913,40.205714286,44.585127206
