segment,_TYPE_,_FREQ_,PHPI,TRPI,VPI,PortfolioImpact,MCRI_Score
Corporate,1,1000,52.675132986,32.048464947,27.800123912,41.057142857,44.75541292
Retail,1,1000,52.675132986,32.048464947,27.800123912,39.414285714,44.426841491
SME,1,500,52.675132986,32.048464947,27.800123913,40.085714286,44.561127206
